Month,SalesRevenue,DataCoverage,ChangePercent
2010-12,821452.73,Complete month,
2011-01,689811.61,Complete month,-16.025404164156832
2011-02,522545.56,Complete month,-24.24807694958918
2011-03,716215.26,Complete month,37.06273956284309
2011-04,536968.491,Complete month,-25.026940783138297
2011-05,769296.61,Complete month,43.2666204617209
2011-06,760547.01,Complete month,-1.1373506507457498
2011-07,718076.121,Complete month,-5.584255600452625
2011-08,757841.38,Complete month,5.537749806332859
2011-09,1056435.192,Complete month,39.40056849363385
2011-10,1151263.73,Complete month,8.976275943673784
2011-11,1503866.78,Complete month,30.627478379780104
2011-12,637790.33,Partial month: through December 9,
